model,model_short,statement,label,verdict,confidence,outcome,raw_response
meta-llama/Llama-4-Maverick-17B-128E-Instruct-FP8,Llama-4-Maverick-17B-128E-Instruct-FP8,Marie Curie won a Nobel Prize in Mathematics.,fake,false,high,correct_rejection,"{""verdict"": ""false"", ""confidence"": ""high"", ""explanation"": ""Marie Curie won Nobel Prizes in Physics and Chemistry, but there is no Nobel Prize in Mathematics""}"
meta-llama/Llama-4-Maverick-17B-128E-Instruct-FP8,Llama-4-Maverick-17B-128E-Instruct-FP8,The Great Wall of China was completed in 1921.,fake,false,high,correct_rejection,"{""verdict"": ""false"", ""confidence"": ""high"", ""explanation"": ""The Great Wall of China was built in multiple stages over several centuries, with the first versions being constructed as early as the 7th century BC. The most famous and well-preserved versions were built during the Ming Dynasty (1368-1644). Therefore, it is not possible for the Great Wall to have been completed in 1921.""}"
meta-llama/Llama-4-Maverick-17B-128E-Instruct-FP8,Llama-4-Maverick-17B-128E-Instruct-FP8,Abraham Lincoln served three full presidential terms.,fake,false,high,correct_rejection,"{""verdict"": ""false"", ""confidence"": ""high"", ""explanation"": ""Abraham Lincoln served only one full term and was assassinated early in his second term.""}"
meta-llama/Llama-4-Maverick-17B-128E-Instruct-FP8,Llama-4-Maverick-17B-128E-Instruct-FP8,The Titanic successfully completed its maiden voyage.,fake,false,high,correct_rejection,"{""verdict"": ""false"", ""confidence"": ""high"", ""explanation"": ""The Titanic sank on April 14, 1912, after colliding with an iceberg during its maiden voyage, so it did not complete it successfully.""}"
meta-llama/Llama-4-Maverick-17B-128E-Instruct-FP8,Llama-4-Maverick-17B-128E-Instruct-FP8,World War I ended in 1925.,fake,false,high,correct_rejection,"{""verdict"": ""false"", ""confidence"": ""high"", ""explanation"": ""World War I ended on November 11, 1918""}"
meta-llama/Llama-4-Maverick-17B-128E-Instruct-FP8,Llama-4-Maverick-17B-128E-Instruct-FP8,Julius Caesar invented the leap year calendar in 10 AD.,fake,false,high,correct_rejection,"{""verdict"": ""false"", ""confidence"": ""high"", ""explanation"": ""Julius Caesar introduced the Julian calendar in 45 BCE, which included a leap year rule, but it was not invented in 10 AD""}"
meta-llama/Llama-4-Maverick-17B-128E-Instruct-FP8,Llama-4-Maverick-17B-128E-Instruct-FP8,The Berlin Wall was built in 1945.,fake,false,high,correct_rejection,"{""verdict"": ""false"", ""confidence"": ""high"", ""explanation"": ""The Berlin Wall was actually built in 1961, not 1945.""}"
meta-llama/Llama-4-Maverick-17B-128E-Instruct-FP8,Llama-4-Maverick-17B-128E-Instruct-FP8,Albert Einstein failed mathematics in university.,fake,false,high,correct_rejection,"{""verdict"": ""false"", ""confidence"": ""high"", ""explanation"": ""Einstein excelled in mathematics during his university years""}"
meta-llama/Llama-4-Maverick-17B-128E-Instruct-FP8,Llama-4-Maverick-17B-128E-Instruct-FP8,Cleopatra was born in Rome.,fake,false,high,correct_rejection,"{""verdict"": ""false"", ""confidence"": ""high"", ""explanation"": ""Cleopatra was a member of the Ptolemaic dynasty, which ruled Egypt after the death of Alexander the Great. Historical records indicate she was born in Alexandria, Egypt, not Rome.""}"
meta-llama/Llama-4-Maverick-17B-128E-Instruct-FP8,Llama-4-Maverick-17B-128E-Instruct-FP8,The United Nations was founded in 1910.,fake,false,high,correct_rejection,"{""verdict"": ""false"", ""confidence"": ""high"", ""explanation"": ""The United Nations was actually founded in 1945, after World War II.""}"
meta-llama/Llama-4-Maverick-17B-128E-Instruct-FP8,Llama-4-Maverick-17B-128E-Instruct-FP8,The Statue of Liberty was a gift from Germany.,fake,false,high,correct_rejection,"{""verdict"": ""false"", ""confidence"": ""high"", ""explanation"": ""The Statue of Liberty was a gift from France to the United States.""}"
meta-llama/Llama-4-Maverick-17B-128E-Instruct-FP8,Llama-4-Maverick-17B-128E-Instruct-FP8,The printing press was invented in the 1800s.,fake,false,high,correct_rejection,"{""verdict"": ""false"", ""confidence"": ""high"", ""explanation"": ""The printing press was invented by Johannes Gutenberg in the 15th century, around 1440.""}"
meta-llama/Llama-4-Maverick-17B-128E-Instruct-FP8,Llama-4-Maverick-17B-128E-Instruct-FP8,The Roman Empire fell in 1492.,fake,false,high,correct_rejection,"{""verdict"": ""false"", ""confidence"": ""high"", ""explanation"": ""The Roman Empire fell in 476 CE, not 1492""}"
meta-llama/Llama-4-Maverick-17B-128E-Instruct-FP8,Llama-4-Maverick-17B-128E-Instruct-FP8,Isaac Newton discovered electricity.,fake,false,high,correct_rejection,"{""verdict"": ""false"", ""confidence"": ""high"", ""explanation"": ""Isaac Newton is known for his work on the laws of motion and universal gravitation, but the discovery of electricity is attributed to multiple scientists, including Benjamin Franklin, Alessandro Volta, and Michael Faraday.""}"
meta-llama/Llama-4-Maverick-17B-128E-Instruct-FP8,Llama-4-Maverick-17B-128E-Instruct-FP8,The first moon landing happened in 1965.,fake,false,high,correct_rejection,"{""verdict"": ""false"", ""confidence"": ""high"", ""explanation"": ""The first moon landing occurred on July 20, 1969, not 1965.""}"
meta-llama/Llama-4-Maverick-17B-128E-Instruct-FP8,Llama-4-Maverick-17B-128E-Instruct-FP8,The American Civil War started in 1890.,fake,false,high,correct_rejection,"{""verdict"": ""false"", ""confidence"": ""high"", ""explanation"": ""The American Civil War started on April 12, 1861""}"
meta-llama/Llama-4-Maverick-17B-128E-Instruct-FP8,Llama-4-Maverick-17B-128E-Instruct-FP8,The Eiffel Tower was built in London.,fake,false,high,correct_rejection,"{""verdict"": ""false"", ""confidence"": ""high"", ""explanation"": ""The Eiffel Tower is located in Paris, France, not London.""}"
meta-llama/Llama-4-Maverick-17B-128E-Instruct-FP8,Llama-4-Maverick-17B-128E-Instruct-FP8,Nelson Mandela won the Nobel Prize in 1980.,fake,false,high,correct_rejection,"{""verdict"": ""false"", ""confidence"": ""high"", ""explanation"": ""Nelson Mandela won the Nobel Peace Prize in 1993, not in 1980.""}"
meta-llama/Llama-4-Maverick-17B-128E-Instruct-FP8,Llama-4-Maverick-17B-128E-Instruct-FP8,The Cold War officially ended in 2005.,fake,false,high,correct_rejection,"{""verdict"": ""false"", ""confidence"": ""high"", ""explanation"": ""The Cold War is generally considered to have ended with the dissolution of the Soviet Union in 1991, marking the end of the bipolar world order.""}"
meta-llama/Llama-4-Maverick-17B-128E-Instruct-FP8,Llama-4-Maverick-17B-128E-Instruct-FP8,George Washington had wooden teeth made entirely of oak.,fake,false,high,correct_rejection,"{""verdict"": ""false"", ""confidence"": ""high"", ""explanation"": ""George Washington's teeth were not made entirely of oak; they were a combination of materials including hippopotamus ivory, human teeth, and metal fasteners.""}"
meta-llama/Llama-4-Maverick-17B-128E-Instruct-FP8,Llama-4-Maverick-17B-128E-Instruct-FP8,The Berlin Wall fell in 1989.,real,true,high,correct_acceptance,"{""verdict"": ""true"", ""confidence"": ""high"", ""explanation"": ""The Berlin Wall indeed fell on November 9, 1989, marking a significant event in modern history.""}"
meta-llama/Llama-4-Maverick-17B-128E-Instruct-FP8,Llama-4-Maverick-17B-128E-Instruct-FP8,The Titanic sank in 1912.,real,true,high,correct_acceptance,"{""verdict"": ""true"", ""confidence"": ""high"", ""explanation"": ""The RMS Titanic sank on April 15, 1912, after colliding with an iceberg during its maiden voyage.""}"
meta-llama/Llama-4-Maverick-17B-128E-Instruct-FP8,Llama-4-Maverick-17B-128E-Instruct-FP8,The Great Molasses Flood occurred in Boston in 1919.,real,true,high,correct_acceptance,"{""verdict"": ""true"", ""confidence"": ""high"", ""explanation"": ""The Great Molasses Flood was a real event that occurred on January 15, 1919, in Boston's North End, Massachusetts.""}"
meta-llama/Llama-4-Maverick-17B-128E-Instruct-FP8,Llama-4-Maverick-17B-128E-Instruct-FP8,Australia once fought the Great Emu War in 1932.,real,true,high,correct_acceptance,"{""verdict"": ""true"", ""confidence"": ""high"", ""explanation"": ""The Great Emu War was a real conflict between Australian soldiers and emus in Western Australia in 1932, sparked by the large number of emus causing damage to crops.""}"
meta-llama/Llama-4-Maverick-17B-128E-Instruct-FP8,Llama-4-Maverick-17B-128E-Instruct-FP8,Nintendo was founded in 1889.,real,true,high,correct_acceptance,"{""verdict"": ""true"", ""confidence"": ""high"", ""explanation"": ""Nintendo was founded in 1889 as Nintendo Karuta by Fusajiro Yamauchi, initially producing handmade hanafuda playing cards.""}"
meta-llama/Llama-4-Maverick-17B-128E-Instruct-FP8,Llama-4-Maverick-17B-128E-Instruct-FP8,The Wright brothers achieved powered flight in 1903.,real,true,high,correct_acceptance,"{""verdict"": ""true"", ""confidence"": ""high"", ""explanation"": ""The Wright brothers successfully completed the first powered, controlled, and sustained flight on December 17, 1903.""}"
meta-llama/Llama-4-Maverick-17B-128E-Instruct-FP8,Llama-4-Maverick-17B-128E-Instruct-FP8,The first email was sent in 1971.,real,true,high,correct_acceptance,"{""verdict"": ""true"", ""confidence"": ""high"", ""explanation"": ""Ray Tomlinson sent the first email in 1971 over the ARPANET network""}"
meta-llama/Llama-4-Maverick-17B-128E-Instruct-FP8,Llama-4-Maverick-17B-128E-Instruct-FP8,The Magna Carta was signed in 1215.,real,true,high,correct_acceptance,"{""verdict"": ""true"", ""confidence"": ""high"", ""explanation"": ""The Magna Carta was indeed signed by King John of England on June 15, 1215, at Runnymede.""}"
meta-llama/Llama-4-Maverick-17B-128E-Instruct-FP8,Llama-4-Maverick-17B-128E-Instruct-FP8,The Soviet Union dissolved in 1991.,real,true,high,correct_acceptance,"{""verdict"": ""true"", ""confidence"": ""high"", ""explanation"": ""The Soviet Union officially dissolved on December 26, 1991""}"
meta-llama/Llama-4-Maverick-17B-128E-Instruct-FP8,Llama-4-Maverick-17B-128E-Instruct-FP8,The first iPhone was released in 2007.,real,true,high,correct_acceptance,"{""verdict"": ""true"", ""confidence"": ""high"", ""explanation"": ""Apple announced the first iPhone at the Macworld conference in San Francisco on January 9, 2007, and it was released to the public on June 29, 2007""}"
meta-llama/Llama-4-Maverick-17B-128E-Instruct-FP8,Llama-4-Maverick-17B-128E-Instruct-FP8,The French Revolution began in 1789.,real,true,high,correct_acceptance,"{""verdict"": ""true"", ""confidence"": ""high"", ""explanation"": ""The French Revolution is widely acknowledged by historians to have started with the Storming of the Bastille on July 14, 1789.""}"
meta-llama/Llama-4-Maverick-17B-128E-Instruct-FP8,Llama-4-Maverick-17B-128E-Instruct-FP8,The Internet became publicly accessible in the early 1990s.,real,true,high,correct_acceptance,"{""verdict"": ""true"", ""confidence"": ""high"", ""explanation"": ""The Internet transitioned to public access in the early 1990s with the widespread adoption of the World Wide Web""}"
meta-llama/Llama-4-Maverick-17B-128E-Instruct-FP8,Llama-4-Maverick-17B-128E-Instruct-FP8,The Panama Canal opened in 1914.,real,true,high,correct_acceptance,"{""verdict"": ""true"", ""confidence"": ""high"", ""explanation"": ""The Panama Canal was officially opened on August 15, 1914, with the passage of the SS Ancon.""}"
meta-llama/Llama-4-Maverick-17B-128E-Instruct-FP8,Llama-4-Maverick-17B-128E-Instruct-FP8,The Declaration of Independence was signed in 1776.,real,true,high,correct_acceptance,"{""verdict"": ""true"", ""confidence"": ""high"", ""explanation"": ""The Declaration of Independence was adopted by the Continental Congress on July 4, 1776""}"
meta-llama/Llama-4-Maverick-17B-128E-Instruct-FP8,Llama-4-Maverick-17B-128E-Instruct-FP8,The Hubble Space Telescope launched in 1990.,real,true,high,correct_acceptance,"{""verdict"": ""true"", ""confidence"": ""high"", ""explanation"": ""The Hubble Space Telescope was launched on April 24, 1990, by the Space Shuttle Discovery.""}"
meta-llama/Llama-4-Maverick-17B-128E-Instruct-FP8,Llama-4-Maverick-17B-128E-Instruct-FP8,The first modern Olympic Games were held in 1896.,real,true,high,correct_acceptance,"{""verdict"": ""true"", ""confidence"": ""high"", ""explanation"": ""The first modern Olympic Games were indeed held in Athens, Greece in 1896, reviving the ancient Olympic Games.""}"
meta-llama/Llama-4-Maverick-17B-128E-Instruct-FP8,Llama-4-Maverick-17B-128E-Instruct-FP8,The Great Fire of London occurred in 1666.,real,true,high,correct_acceptance,"{""verdict"": ""true"", ""confidence"": ""high"", ""explanation"": ""The Great Fire of London is a well-documented historical event that occurred from September 2 to 5, 1666.""}"
meta-llama/Llama-4-Maverick-17B-128E-Instruct-FP8,Llama-4-Maverick-17B-128E-Instruct-FP8,The first human in space was Yuri Gagarin in 1961.,real,true,high,correct_acceptance,"{""verdict"": ""true"", ""confidence"": ""high"", ""explanation"": ""Yuri Gagarin became the first human to journey into outer space when he orbited Earth on April 12, 1961, aboard the Vostok 1 spacecraft.""}"
meta-llama/Llama-4-Maverick-17B-128E-Instruct-FP8,Llama-4-Maverick-17B-128E-Instruct-FP8,The European Union was established in 1993.,real,true,high,correct_acceptance,"{""verdict"": ""true"", ""confidence"": ""high"", ""explanation"": ""The European Union was formally established on November 1, 1993, with the enforcement of the Maastricht Treaty.""}"
meta-llama/Llama-4-Maverick-17B-128E-Instruct-FP8,Llama-4-Maverick-17B-128E-Instruct-FP8,The first programmable computer was developed in the 1940s.,real,true,high,correct_acceptance,"{""verdict"": ""true"", ""confidence"": ""high"", ""explanation"": ""The first programmable computers, such as Colossus and ENIAC, were indeed developed in the 1940s, marking the beginning of the computer era.""}"
mistralai/Mixtral-8x7B-Instruct-v0.1,Mixtral-8x7B-Instruct-v0.1,Marie Curie won a Nobel Prize in Mathematics.,fake,false,high,correct_rejection," {""verdict"": ""false"", ""confidence"": ""high"", ""explanation"": ""Marie Curie won Nobel Prizes in Physics and Chemistry, not in Mathematics.""}"
mistralai/Mixtral-8x7B-Instruct-v0.1,Mixtral-8x7B-Instruct-v0.1,The Great Wall of China was completed in 1921.,fake,false,high,correct_rejection," {""verdict"": ""false"", ""confidence"": ""high"", ""explanation"": ""The construction of the Great Wall of China started as early as the 7th century BC and continued until the 17th century AD. Therefore, it was not completed in 1921.""}"
mistralai/Mixtral-8x7B-Instruct-v0.1,Mixtral-8x7B-Instruct-v0.1,Abraham Lincoln served three full presidential terms.,fake,false,high,correct_rejection," {""verdict"": ""false"", ""confidence"": ""high"", ""explanation"": ""Abraham Lincoln was assassinated and did not serve three full terms. He served only one full term and was partway through his second term when he was assassinated in 1865.""}"
mistralai/Mixtral-8x7B-Instruct-v0.1,Mixtral-8x7B-Instruct-v0.1,The Titanic successfully completed its maiden voyage.,fake,false,high,correct_rejection," {""verdict"": ""false"", ""confidence"": ""high"", ""explanation"": ""The Titanic sank on its maiden voyage after hitting an iceberg, resulting in a significant loss of life.""}"
mistralai/Mixtral-8x7B-Instruct-v0.1,Mixtral-8x7B-Instruct-v0.1,World War I ended in 1925.,fake,false,high,correct_rejection," {""verdict"": ""false"", ""confidence"": ""high"", ""explanation"": ""World War I actually ended in 1918, not 1925. The centenary of its conclusion was commemorated in 2018.""}"
mistralai/Mixtral-8x7B-Instruct-v0.1,Mixtral-8x7B-Instruct-v0.1,Julius Caesar invented the leap year calendar in 10 AD.,fake,false,high,correct_rejection," {""verdict"": ""false"", ""confidence"": ""high"", ""explanation"": ""The Julian calendar, which includes a leap year every 4 years, was introduced by Julius Caesar in 46 BC, not in 10 AD.""}"
mistralai/Mixtral-8x7B-Instruct-v0.1,Mixtral-8x7B-Instruct-v0.1,The Berlin Wall was built in 1945.,fake,false,high,correct_rejection," {""verdict"": ""false"", ""confidence"": ""high"", ""explanation"": ""The Berlin Wall was built in 1961, not 1945.""}"
mistralai/Mixtral-8x7B-Instruct-v0.1,Mixtral-8x7B-Instruct-v0.1,Albert Einstein failed mathematics in university.,fake,false,high,correct_rejection," {""verdict"": ""false"", ""confidence"": ""high"", ""explanation"": ""Albert Einstein excelled in mathematics throughout his academic career. He even transferred to the Polytechnic Institute in Zurich, Switzerland, after graduating from a German school, to study physics and mathematics, because his early education did not offer such advanced courses.""}"
mistralai/Mixtral-8x7B-Instruct-v0.1,Mixtral-8x7B-Instruct-v0.1,Cleopatra was born in Rome.,fake,false,high,correct_rejection," {""verdict"": ""false"", ""confidence"": ""high"", ""explanation"": ""Cleopatra was actually born in Alexandria, Egypt, not Rome.""}"
mistralai/Mixtral-8x7B-Instruct-v0.1,Mixtral-8x7B-Instruct-v0.1,The United Nations was founded in 1910.,fake,false,high,correct_rejection," {""verdict"": ""false"", ""confidence"": ""high"", ""explanation"": ""The United Nations was actually established on October 24, 1945, not in 1910. It was the result of international discussions and negotiations, particularly after World War II, to foster international cooperation and prevent future conflicts.""}"
mistralai/Mixtral-8x7B-Instruct-v0.1,Mixtral-8x7B-Instruct-v0.1,The Statue of Liberty was a gift from Germany.,fake,false,high,correct_rejection," {""verdict"": ""false"", ""confidence"": ""high"", ""explanation"": ""The Statue of Liberty was actually a gift from France, constructed by Gustave Eiffel and designed by Frédéric Auguste Bartholdi. It was given to the United States as a symbol of freedom and democracy.""}"
mistralai/Mixtral-8x7B-Instruct-v0.1,Mixtral-8x7B-Instruct-v0.1,The printing press was invented in the 1800s.,fake,false,high,correct_rejection," {""verdict"": ""false"", ""confidence"": ""high"", ""explanation"": ""The printing press was actually invented in the 15th century, around 1440, by Johannes Gutenberg. It's often considered one of the most important inventions in history due to its role in the spread of knowledge.""}"
mistralai/Mixtral-8x7B-Instruct-v0.1,Mixtral-8x7B-Instruct-v0.1,The Roman Empire fell in 1492.,fake,false,high,correct_rejection," {""verdict"": ""false"", ""confidence"": ""high"", ""explanation"": ""The Roman Empire actually fell in 476 AD, not in 1492. This is a common misconception.""}"
mistralai/Mixtral-8x7B-Instruct-v0.1,Mixtral-8x7B-Instruct-v0.1,Isaac Newton discovered electricity.,fake,false,unknown,correct_rejection," {""verdict"": ""false"", ""conflict"": ""high"", ""explanation"": ""Isaac Newton was a physicist and mathematician who made significant contributions to science, but he did not discover electricity. That discovery is attributed to many researchers over centuries, with key discoveries made by Benjamin Franklin, Michael Faraday, and others.""}"
mistralai/Mixtral-8x7B-Instruct-v0.1,Mixtral-8x7B-Instruct-v0.1,The first moon landing happened in 1965.,fake,false,high,correct_rejection," {""verdict"": ""false"", ""confidence"": ""high"", ""explanation"": ""The first moon landing occurred in 1969, not 1965. The Apollo 11 mission by NASA is the one widely recognized as the first moon landing.""}"
mistralai/Mixtral-8x7B-Instruct-v0.1,Mixtral-8x7B-Instruct-v0.1,The American Civil War started in 1890.,fake,false,high,correct_rejection," {""verdict"": ""false"", ""confidence"": ""high"", ""explanation"": ""The American Civil War began in 1861, not 1890.""}"
mistralai/Mixtral-8x7B-Instruct-v0.1,Mixtral-8x7B-Instruct-v0.1,The Eiffel Tower was built in London.,fake,false,high,correct_rejection," {""verdict"": ""false"", ""confidence"": ""high"", ""explanation"": ""The Eiffel Tower is located in Paris, France, not in London, England.""}"
mistralai/Mixtral-8x7B-Instruct-v0.1,Mixtral-8x7B-Instruct-v0.1,Nelson Mandela won the Nobel Prize in 1980.,fake,false,high,correct_rejection," {""verdict"": ""false"", ""confidence"": ""high"", ""explanation"": ""Nelson Mandela won the Nobel Peace Prize in 1993, not 1980.""}"
mistralai/Mixtral-8x7B-Instruct-v0.1,Mixtral-8x7B-Instruct-v0.1,The Cold War officially ended in 2005.,fake,false,high,correct_rejection," {""verdict"": ""false"", ""confidence"": ""high"", ""explanation"": ""The Cold War ended in 1991 with the dissolution of the Soviet Union.""}"
mistralai/Mixtral-8x7B-Instruct-v0.1,Mixtral-8x7B-Instruct-v0.1,George Washington had wooden teeth made entirely of oak.,fake,false,high,correct_rejection," {""verdict"": ""false"", ""confidence"": ""high"", ""explanation"": ""George Washington's teeth were not made entirely of oak. While he did have several sets of false teeth, they were made from materials like lead, gold, ivory, animal teeth (including horse and donkey teeth), and even human teeth, but not oak.""}"
mistralai/Mixtral-8x7B-Instruct-v0.1,Mixtral-8x7B-Instruct-v0.1,The Berlin Wall fell in 1989.,real,true,high,correct_acceptance," {""verdict"": ""true"", ""confidence"": ""high"", ""explanation"": ""The Berlin Wall, a symbol of the Cold War, was officially breached in 1989, marking a significant event in the lead-up to German reunification.""}"
mistralai/Mixtral-8x7B-Instruct-v0.1,Mixtral-8x7B-Instruct-v0.1,The Titanic sank in 1912.,real,true,high,correct_acceptance," {""verdict"": ""true"", ""confidence"": ""high"", ""explanation"": ""The Titanic is widely known to have sank on its maiden voyage in April 1912 following a collision with an iceberg.""}"
mistralai/Mixtral-8x7B-Instruct-v0.1,Mixtral-8x7B-Instruct-v0.1,The Great Molasses Flood occurred in Boston in 1919.,real,true,high,correct_acceptance," {""verdict"": ""true"", ""confidence"": ""high"", ""explanation"": ""The Great Molasses Flood, also known as the Boston Molasses Disaster, occurred on January 15, 1919, in Boston, Massachusetts, when a molasses storage tank burst, flooding the streets and killing 21 people.""}"
mistralai/Mixtral-8x7B-Instruct-v0.1,Mixtral-8x7B-Instruct-v0.1,Australia once fought the Great Emu War in 1932.,real,true,high,correct_acceptance," {""verdict"": ""true"", ""confidence"": ""high"", ""explanation"": ""The Australian military was deployed to Western Australia in 1932 to deal with a population explosion of emus. This conflict, known as the 'Emu War', lasted for about a month.""}"
mistralai/Mixtral-8x7B-Instruct-v0.1,Mixtral-8x7B-Instruct-v0.1,Nintendo was founded in 1889.,real,true,high,correct_acceptance," {""verdict"": ""true"", ""confidence"": ""high"", ""explanation"": ""Nintendo was actually founded as a card company in 1889 by Fusajiro Yamauchi, and was known as Nintendo Koppai. It has since evolved into a leading global entertainment company.""}"
mistralai/Mixtral-8x7B-Instruct-v0.1,Mixtral-8x7B-Instruct-v0.1,The Wright brothers achieved powered flight in 1903.,real,true,high,correct_acceptance," {""verdict"": ""true"", ""confidence"": ""high"", ""explanation"": ""The Wright brothers, Orville and Wilbur, successfully achieved the first powered, sustained and controlled airplane flight on December 17, 1903 in Kitty Hawk, North Carolina.""}"
mistralai/Mixtral-8x7B-Instruct-v0.1,Mixtral-8x7B-Instruct-v0.1,The first email was sent in 1971.,real,true,high,correct_acceptance," {""verdict"": ""true"", ""confidence"": ""high"", ""explanation"": ""The first email was sent by Ray Tomlinson in 1971 on the ARPANET network, the precursor to the Internet.""}"
mistralai/Mixtral-8x7B-Instruct-v0.1,Mixtral-8x7B-Instruct-v0.1,The Magna Carta was signed in 1215.,real,true,high,correct_acceptance," {""verdict"": ""true"", ""confidence"": ""high"", ""explanation"": ""The Magna Carta was signed by King John of England on June 15, 1215.""}"
mistralai/Mixtral-8x7B-Instruct-v0.1,Mixtral-8x7B-Instruct-v0.1,The Soviet Union dissolved in 1991.,real,true,high,correct_acceptance," {""verdict"": ""true"", ""confidence"": ""high"", ""explanation"": ""The Soviet Union, officially known as the Union of Soviet Socialist Republics (USSR), was dissolved on December 26, 1991. This is a well-documented historical fact.""}"
mistralai/Mixtral-8x7B-Instruct-v0.1,Mixtral-8x7B-Instruct-v0.1,The first iPhone was released in 2007.,real,true,high,correct_acceptance," {""verdict"": ""true"", ""confidence"": ""high"", ""explanation"": ""The first iPhone was announced by Apple Inc. on January 9, 2007, and released on June 29, 2007.""}"
mistralai/Mixtral-8x7B-Instruct-v0.1,Mixtral-8x7B-Instruct-v0.1,The French Revolution began in 1789.,real,true,high,correct_acceptance," {""verdict"": ""true"", ""confidence"": ""high"", ""explanation"": ""The French Revolution is a well-documented historical event, and it is widely accepted that it began in 1789, with the Estates-General meeting and the subsequent storming of the Bastille.""}"
mistralai/Mixtral-8x7B-Instruct-v0.1,Mixtral-8x7B-Instruct-v0.1,The Internet became publicly accessible in the early 1990s.,real,true,high,correct_acceptance," {""verdict"": ""true"", ""confidence"": ""high"", ""explanation"": ""The World Wide Web was made available to the public on the Internet in 1991, although earlier versions of the Internet existed since the 1960s.""}"
mistralai/Mixtral-8x7B-Instruct-v0.1,Mixtral-8x7B-Instruct-v0.1,The Panama Canal opened in 1914.,real,true,high,correct_acceptance," {""verdict"": ""true"", ""confidence"": ""high"", ""explanation"": ""The Panama Canal was officially opened on August 15, 1914, after more than three decades of planning and construction.""}"
mistralai/Mixtral-8x7B-Instruct-v0.1,Mixtral-8x7B-Instruct-v0.1,The Declaration of Independence was signed in 1776.,real,true,high,correct_acceptance," {""verdict"": ""true"", ""confidence"": ""high"", ""explanation"": ""The Declaration of Independence was adopted by the Second Continental Congress on July 4, 1776, and signed by delegates on August 2, 1776.""}"
mistralai/Mixtral-8x7B-Instruct-v0.1,Mixtral-8x7B-Instruct-v0.1,The Hubble Space Telescope launched in 1990.,real,true,high,correct_acceptance," {""verdict"": ""true"", ""confidence"": ""high"", ""explanation"": ""The Hubble Space Telescope was launched aboard the Space Shuttle Discovery on April 24, 1990.""}"
mistralai/Mixtral-8x7B-Instruct-v0.1,Mixtral-8x7B-Instruct-v0.1,The first modern Olympic Games were held in 1896.,real,true,high,correct_acceptance," {""verdict"": ""true"", ""confidence"": ""high"", ""explanation"": ""The first modern Olympic Games took place in Athens, Greece in 1896.""}"
mistralai/Mixtral-8x7B-Instruct-v0.1,Mixtral-8x7B-Instruct-v0.1,The Great Fire of London occurred in 1666.,real,true,high,correct_acceptance," {""verdict"": ""true"", ""confidence"": ""high"", ""explanation"": ""The Great Fire of London was a major blaze that swept through the city of London from Sunday, 2 September to Wednesday, 5 September 1666. It caused massive destruction and is one of the most well-known disasters in English history.""}"
mistralai/Mixtral-8x7B-Instruct-v0.1,Mixtral-8x7B-Instruct-v0.1,The first human in space was Yuri Gagarin in 1961.,real,true,high,correct_acceptance," {""verdict"": ""true"", ""confidence"": ""high"", ""explanation"": ""Yuri Gagarin, a Russian astronaut, was the first human to journey into outer space on April 12, 1961.""}"
mistralai/Mixtral-8x7B-Instruct-v0.1,Mixtral-8x7B-Instruct-v0.1,The European Union was established in 1993.,real,false,high,false_negative," {""verdict"": ""false"", ""confidence"": ""high"", ""explanation"": ""The European Union was not established in 1993. The Maastricht Treaty, which founded the European Union, came into force on November 1, 1993, but the EU itself was not established until that date. It evolved from the European Economic Community, which was founded by the Treaty of Rome in 1957.""}"
mistralai/Mixtral-8x7B-Instruct-v0.1,Mixtral-8x7B-Instruct-v0.1,The first programmable computer was developed in the 1940s.,real,true,high,correct_acceptance," {""verdict"": ""true"", ""confidence"": ""high"", ""explanation"": ""The first programmable computer, the Z3, was developed by Konrad Zuse in Germany and became operational in 1941. However, the first electronic general-purpose computer, the ENIAC, was developed in the United States and became operational in 1945.""}"
mistralai/Mistral-Small-24B-Instruct-2501,Mistral-Small-24B-Instruct-2501,Marie Curie won a Nobel Prize in Mathematics.,fake,false,high,correct_rejection,"{""verdict"": ""false"", ""confidence"": ""high"", ""explanation"": ""Marie Curie won Nobel Prizes in Physics and Chemistry, but not in Mathematics.""}"
mistralai/Mistral-Small-24B-Instruct-2501,Mistral-Small-24B-Instruct-2501,The Great Wall of China was completed in 1921.,fake,false,high,correct_rejection,"{""verdict"": ""false"", ""confidence"": ""high"", ""explanation"": ""The Great Wall of China was not completed in 1921. Construction of the wall spanned many centuries, with the most well-known sections built during the Ming Dynasty (1368-1644).""}"
mistralai/Mistral-Small-24B-Instruct-2501,Mistral-Small-24B-Instruct-2501,Abraham Lincoln served three full presidential terms.,fake,false,high,correct_rejection,"{""verdict"": ""false"", ""confidence"": ""high"", ""explanation"": ""Abraham Lincoln was assassinated during his second term and did not serve three full terms.""}"
mistralai/Mistral-Small-24B-Instruct-2501,Mistral-Small-24B-Instruct-2501,The Titanic successfully completed its maiden voyage.,fake,false,high,correct_rejection,"{""verdict"": ""false"", ""confidence"": ""high"", ""explanation"": ""The Titanic sank on its maiden voyage in 1912.""}"
mistralai/Mistral-Small-24B-Instruct-2501,Mistral-Small-24B-Instruct-2501,World War I ended in 1925.,fake,false,high,correct_rejection,"{""verdict"": ""false"", ""confidence"": ""high"", ""explanation"": ""World War I ended in 1918.""}"
mistralai/Mistral-Small-24B-Instruct-2501,Mistral-Small-24B-Instruct-2501,Julius Caesar invented the leap year calendar in 10 AD.,fake,false,high,correct_rejection,"{""verdict"": ""false"", ""confidence"": ""high"", ""explanation"": ""Julius Caesar introduced the Julian calendar in 46 BC, which included the concept of leap years. The year 10 AD is long after Caesar's time.""}"
mistralai/Mistral-Small-24B-Instruct-2501,Mistral-Small-24B-Instruct-2501,The Berlin Wall was built in 1945.,fake,false,high,correct_rejection,"{""verdict"": ""false"", ""confidence"": ""high"", ""explanation"": ""The Berlin Wall was built in 1961, not 1945.""}"
mistralai/Mistral-Small-24B-Instruct-2501,Mistral-Small-24B-Instruct-2501,Albert Einstein failed mathematics in university.,fake,false,high,correct_rejection,"{""verdict"": ""false"", ""confidence"": ""high"", ""explanation"": ""Einstein excelled in mathematics and graduated from university with honors.""}"
mistralai/Mistral-Small-24B-Instruct-2501,Mistral-Small-24B-Instruct-2501,Cleopatra was born in Rome.,fake,false,high,correct_rejection,"{""verdict"": ""false"", ""confidence"": ""high"", ""explanation"": ""Cleopatra was born in Alexandria, Egypt.""}"
mistralai/Mistral-Small-24B-Instruct-2501,Mistral-Small-24B-Instruct-2501,The United Nations was founded in 1910.,fake,false,high,correct_rejection,"{""verdict"": ""false"", ""confidence"": ""high"", ""explanation"": ""The United Nations was founded on October 24, 1945.""}"
mistralai/Mistral-Small-24B-Instruct-2501,Mistral-Small-24B-Instruct-2501,The Statue of Liberty was a gift from Germany.,fake,false,high,correct_rejection,"{""verdict"": ""false"", ""confidence"": ""high"", ""explanation"": ""The Statue of Liberty was a gift from France, not Germany.""}"
mistralai/Mistral-Small-24B-Instruct-2501,Mistral-Small-24B-Instruct-2501,The printing press was invented in the 1800s.,fake,false,high,correct_rejection,"{""verdict"": ""false"", ""confidence"": ""high"", ""explanation"": ""The printing press was invented by Johannes Gutenberg around 1440.""}"
mistralai/Mistral-Small-24B-Instruct-2501,Mistral-Small-24B-Instruct-2501,The Roman Empire fell in 1492.,fake,false,high,correct_rejection,"{""verdict"": ""false"", ""confidence"": ""high"", ""explanation"": ""The Roman Empire fell in 476 AD, not 1492.""}"
mistralai/Mistral-Small-24B-Instruct-2501,Mistral-Small-24B-Instruct-2501,Isaac Newton discovered electricity.,fake,false,high,correct_rejection,"{""verdict"": ""false"", ""confidence"": ""high"", ""explanation"": ""Isaac Newton is known for his work on laws of motion and universal gravitation, not the discovery of electricity. That is attributed to Benjamin Franklin and others.""}"
mistralai/Mistral-Small-24B-Instruct-2501,Mistral-Small-24B-Instruct-2501,The first moon landing happened in 1965.,fake,false,high,correct_rejection,"{""verdict"": ""false"", ""confidence"": ""high"", ""explanation"": ""The first moon landing, Apollo 11, occurred on July 20, 1969.""}"
mistralai/Mistral-Small-24B-Instruct-2501,Mistral-Small-24B-Instruct-2501,The American Civil War started in 1890.,fake,false,high,correct_rejection,"{""verdict"": ""false"", ""confidence"": ""high"", ""explanation"": ""The American Civil War started in 1861.""}"
mistralai/Mistral-Small-24B-Instruct-2501,Mistral-Small-24B-Instruct-2501,The Eiffel Tower was built in London.,fake,false,high,correct_rejection,"{""verdict"": ""false"", ""confidence"": ""high"", ""explanation"": ""The Eiffel Tower was built in Paris, France.""}"
mistralai/Mistral-Small-24B-Instruct-2501,Mistral-Small-24B-Instruct-2501,Nelson Mandela won the Nobel Prize in 1980.,fake,false,high,correct_rejection,"{""verdict"": ""false"", ""confidence"": ""high"", ""explanation"": ""Nelson Mandela won the Nobel Peace Prize in 1993, not 1980.""}"
mistralai/Mistral-Small-24B-Instruct-2501,Mistral-Small-24B-Instruct-2501,The Cold War officially ended in 2005.,fake,false,high,correct_rejection,"{""verdict"": ""false"", ""confidence"": ""high"", ""explanation"": ""The Cold War ended in 1991 with the dissolution of the Soviet Union.""}"
mistralai/Mistral-Small-24B-Instruct-2501,Mistral-Small-24B-Instruct-2501,George Washington had wooden teeth made entirely of oak.,fake,false,high,correct_rejection,"{""verdict"": ""false"", ""confidence"": ""high"", ""explanation"": ""George Washington's dentures were made of various materials, including gold, ivory, lead, and human teeth, but not wood.""}"
mistralai/Mistral-Small-24B-Instruct-2501,Mistral-Small-24B-Instruct-2501,The Berlin Wall fell in 1989.,real,true,high,correct_acceptance,"{""verdict"": ""true"", ""confidence"": ""high"", ""explanation"": ""The Berlin Wall fell on November 9, 1989.""}"
mistralai/Mistral-Small-24B-Instruct-2501,Mistral-Small-24B-Instruct-2501,The Titanic sank in 1912.,real,true,high,correct_acceptance,"{""verdict"": ""true"", ""confidence"": ""high"", ""explanation"": ""The Titanic sank on April 15, 1912.""}"
mistralai/Mistral-Small-24B-Instruct-2501,Mistral-Small-24B-Instruct-2501,The Great Molasses Flood occurred in Boston in 1919.,real,true,high,correct_acceptance,"{""verdict"": ""true"", ""confidence"": ""high"", ""explanation"": ""The Great Molasses Flood, also known as the Great Boston Molasses Tragedy, occurred on January 15, 1919, in the North End neighborhood of Boston.""}"
mistralai/Mistral-Small-24B-Instruct-2501,Mistral-Small-24B-Instruct-2501,Australia once fought the Great Emu War in 1932.,real,true,high,correct_acceptance,"{""verdict"": ""true"", ""confidence"": ""high"", ""explanation"": ""The Great Emu War, also known as the Emu War, was a real event that took place in Australia in 1932.""}"
mistralai/Mistral-Small-24B-Instruct-2501,Mistral-Small-24B-Instruct-2501,Nintendo was founded in 1889.,real,true,high,correct_acceptance,"{""verdict"": ""true"", ""confidence"": ""high"", ""explanation"": ""Nintendo was indeed founded in 1889 as a playing card company.""}"
mistralai/Mistral-Small-24B-Instruct-2501,Mistral-Small-24B-Instruct-2501,The Wright brothers achieved powered flight in 1903.,real,true,high,correct_acceptance,"{""verdict"": ""true"", ""confidence"": ""high"", ""explanation"": ""The Wright brothers, Orville and Wilbur, successfully achieved the first powered, sustained, and controlled airplane flight on December 17, 1903.""}"
mistralai/Mistral-Small-24B-Instruct-2501,Mistral-Small-24B-Instruct-2501,The first email was sent in 1971.,real,false,high,false_negative,"{""verdict"": ""false"", ""confidence"": ""high"", ""explanation"": ""The first email was sent by Ray Tomlinson in 1971, but it was an internal test message sent over ARPANET, not the first email sent in the modern sense.""}"
mistralai/Mistral-Small-24B-Instruct-2501,Mistral-Small-24B-Instruct-2501,The Magna Carta was signed in 1215.,real,true,high,correct_acceptance,"{""verdict"": ""true"", ""confidence"": ""high"", ""explanation"": ""The Magna Carta was indeed signed in 1215 at Runnymede, England.""}"
mistralai/Mistral-Small-24B-Instruct-2501,Mistral-Small-24B-Instruct-2501,The Soviet Union dissolved in 1991.,real,true,high,correct_acceptance,"{""verdict"": ""true"", ""confidence"": ""high"", ""explanation"": ""The Soviet Union officially dissolved on December 26, 1991.""}"
mistralai/Mistral-Small-24B-Instruct-2501,Mistral-Small-24B-Instruct-2501,The first iPhone was released in 2007.,real,true,high,correct_acceptance,"{""verdict"": ""true"", ""confidence"": ""high"", ""explanation"": ""The first iPhone was indeed released in 2007.""}"
mistralai/Mistral-Small-24B-Instruct-2501,Mistral-Small-24B-Instruct-2501,The French Revolution began in 1789.,real,true,high,correct_acceptance,"{""verdict"": ""true"", ""confidence"": ""high"", ""explanation"": ""The French Revolution is well-documented to have begun in 1789, marked by events such as the storming of the Bastille on July 14.""}"
mistralai/Mistral-Small-24B-Instruct-2501,Mistral-Small-24B-Instruct-2501,The Internet became publicly accessible in the early 1990s.,real,true,high,correct_acceptance,"{""verdict"": ""true"", ""confidence"": ""high"", ""explanation"": ""The Internet began to enter everyday use in the early 1990s with the introduction of the World Wide Web.""}"
mistralai/Mistral-Small-24B-Instruct-2501,Mistral-Small-24B-Instruct-2501,The Panama Canal opened in 1914.,real,true,high,correct_acceptance,"{""verdict"": ""true"", ""confidence"": ""high"", ""explanation"": ""The Panama Canal was officially opened on August 15, 1914.""}"
mistralai/Mistral-Small-24B-Instruct-2501,Mistral-Small-24B-Instruct-2501,The Declaration of Independence was signed in 1776.,real,false,high,false_negative,"{""verdict"": ""false"", ""confidence"": ""high"", ""explanation"": ""The Declaration of Independence was adopted by the Continental Congress on July 4, 1776, but the actual signing by 56 delegates occurred nearly a month later, on August 2, 1776.""}"
mistralai/Mistral-Small-24B-Instruct-2501,Mistral-Small-24B-Instruct-2501,The Hubble Space Telescope launched in 1990.,real,true,high,correct_acceptance,"{""verdict"": ""true"", ""confidence"": ""high"", ""explanation"": ""The Hubble Space Telescope was indeed launched in 1990.""}"
mistralai/Mistral-Small-24B-Instruct-2501,Mistral-Small-24B-Instruct-2501,The first modern Olympic Games were held in 1896.,real,true,high,correct_acceptance,"{""verdict"": ""true"", ""confidence"": ""high"", ""explanation"": ""The first modern Olympic Games were indeed held in Athens, Greece, in 1896.""}"
mistralai/Mistral-Small-24B-Instruct-2501,Mistral-Small-24B-Instruct-2501,The Great Fire of London occurred in 1666.,real,true,high,correct_acceptance,"{""verdict"": ""true"", ""confidence"": ""high"", ""explanation"": ""The Great Fire of London is a well-documented historical event that began on September 2, 1666.""}"
mistralai/Mistral-Small-24B-Instruct-2501,Mistral-Small-24B-Instruct-2501,The first human in space was Yuri Gagarin in 1961.,real,true,high,correct_acceptance,"{""verdict"": ""true"", ""confidence"": ""high"", ""explanation"": ""Yuri Gagarin became the first human to journey into outer space when his Vostok spacecraft completed an orbit of the Earth on April 12, 1961.""}"
mistralai/Mistral-Small-24B-Instruct-2501,Mistral-Small-24B-Instruct-2501,The European Union was established in 1993.,real,true,high,correct_acceptance,"{""verdict"": ""true"", ""confidence"": ""high"", ""explanation"": ""The European Union (EU) was officially established on November 1, 1993, with the entry into force of the Maastricht Treaty.""}"
mistralai/Mistral-Small-24B-Instruct-2501,Mistral-Small-24B-Instruct-2501,The first programmable computer was developed in the 1940s.,real,true,high,correct_acceptance,"{""verdict"": ""true"", ""confidence"": ""high"", ""explanation"": ""The first programmable computer, the ENIAC, was developed in the 1940s.""}"
Qwen/Qwen3-Next-80B-A3B-Instruct,Qwen3-Next-80B-A3B-Instruct,Marie Curie won a Nobel Prize in Mathematics.,fake,false,high,correct_rejection,"{""verdict"": ""false"", ""confidence"": ""high"", ""explanation"": ""Marie Curie won Nobel Prizes in Physics and Chemistry, but not in Mathematics; there is no Nobel Prize in Mathematics.""}"
Qwen/Qwen3-Next-80B-A3B-Instruct,Qwen3-Next-80B-A3B-Instruct,The Great Wall of China was completed in 1921.,fake,false,high,correct_rejection,"{""verdict"": ""false"", ""confidence"": ""high"", ""explanation"": ""The Great Wall of China was not completed in 1921; its construction spanned centuries, with major sections built during the Qin and Ming dynasties, and it was never fully completed as a single continuous project.""}"
Qwen/Qwen3-Next-80B-A3B-Instruct,Qwen3-Next-80B-A3B-Instruct,Abraham Lincoln served three full presidential terms.,fake,false,high,correct_rejection,"{""verdict"": ""false"", ""confidence"": ""high"", ""explanation"": ""Abraham Lincoln served only one full term and part of a second term before his assassination in 1865; he was never elected to a third term.""}"
Qwen/Qwen3-Next-80B-A3B-Instruct,Qwen3-Next-80B-A3B-Instruct,The Titanic successfully completed its maiden voyage.,fake,false,high,correct_rejection,"{""verdict"": ""false"", ""confidence"": ""high"", ""explanation"": ""The Titanic sank on its maiden voyage on April 15, 1912, after hitting an iceberg, resulting in the deaths of over 1,500 people.""}"
Qwen/Qwen3-Next-80B-A3B-Instruct,Qwen3-Next-80B-A3B-Instruct,World War I ended in 1925.,fake,false,high,correct_rejection,"{""verdict"": ""false"", ""confidence"": ""high"", ""explanation"": ""World War I ended in 1918 with the signing of the Armistice on November 11, not in 1925.""}"
Qwen/Qwen3-Next-80B-A3B-Instruct,Qwen3-Next-80B-A3B-Instruct,Julius Caesar invented the leap year calendar in 10 AD.,fake,false,high,correct_rejection,"{""verdict"": ""false"", ""confidence"": ""high"", ""explanation"": ""Julius Caesar introduced the Julian calendar, which included the concept of the leap year, in 45 BC, not 10 AD.""}"
Qwen/Qwen3-Next-80B-A3B-Instruct,Qwen3-Next-80B-A3B-Instruct,The Berlin Wall was built in 1945.,fake,false,high,correct_rejection,"{""verdict"": ""false"", ""confidence"": ""high"", ""explanation"": ""The Berlin Wall was built in 1961, not 1945. It was constructed by East Germany to prevent East Berliners from fleeing to West Berlin.""}"
Qwen/Qwen3-Next-80B-A3B-Instruct,Qwen3-Next-80B-A3B-Instruct,Albert Einstein failed mathematics in university.,fake,false,high,correct_rejection,"{""verdict"": ""false"", ""confidence"": ""high"", ""explanation"": ""Albert Einstein excelled in mathematics from a young age and performed well in university; the myth that he failed math stems from a misunderstanding of his early school grading system.""}"
Qwen/Qwen3-Next-80B-A3B-Instruct,Qwen3-Next-80B-A3B-Instruct,Cleopatra was born in Rome.,fake,false,high,correct_rejection,"{""verdict"": ""false"", ""confidence"": ""high"", ""explanation"": ""Cleopatra was born in Alexandria, Egypt, in 69 BCE, and was a member of the Ptolemaic dynasty, which ruled Egypt after Alexander the Great's conquest.""}"
Qwen/Qwen3-Next-80B-A3B-Instruct,Qwen3-Next-80B-A3B-Instruct,The United Nations was founded in 1910.,fake,false,high,correct_rejection,"{""verdict"": ""false"", ""confidence"": ""high"", ""explanation"": ""The United Nations was founded in 1945, not 1910. It was established after World War II to promote international cooperation and peace.""}"
Qwen/Qwen3-Next-80B-A3B-Instruct,Qwen3-Next-80B-A3B-Instruct,The Statue of Liberty was a gift from Germany.,fake,false,high,correct_rejection,"{""verdict"": ""false"", ""confidence"": ""high"", ""explanation"": ""The Statue of Liberty was a gift from France to the United States, not Germany, and was dedicated in 1886 to commemorate the centennial of American independence and Franco-American friendship.""}"
Qwen/Qwen3-Next-80B-A3B-Instruct,Qwen3-Next-80B-A3B-Instruct,The printing press was invented in the 1800s.,fake,false,high,correct_rejection,"{""verdict"": ""false"", ""confidence"": ""high"", ""explanation"": ""The printing press was invented by Johannes Gutenberg around 1440, not in the 1800s.""}"
Qwen/Qwen3-Next-80B-A3B-Instruct,Qwen3-Next-80B-A3B-Instruct,The Roman Empire fell in 1492.,fake,false,high,correct_rejection,"{""verdict"": ""false"", ""confidence"": ""high"", ""explanation"": ""The Western Roman Empire fell in 476 AD, when the last emperor, Romulus Augustulus, was deposed. 1492 is the year Christopher Columbus reached the Americas, centuries after the fall of Rome.""}"
Qwen/Qwen3-Next-80B-A3B-Instruct,Qwen3-Next-80B-A3B-Instruct,Isaac Newton discovered electricity.,fake,false,high,correct_rejection,"{""verdict"": ""false"", ""confidence"": ""high"", ""explanation"": ""Isaac Newton did not discover electricity; he made foundational contributions to physics, mathematics, and gravity. Electricity was studied by many scientists before and after him, including Benjamin Franklin, who famously experimented with lightning.""}"
Qwen/Qwen3-Next-80B-A3B-Instruct,Qwen3-Next-80B-A3B-Instruct,The first moon landing happened in 1965.,fake,false,high,correct_rejection,"{""verdict"": ""false"", ""confidence"": ""high"", ""explanation"": ""The first moon landing occurred on July 20, 1969, during NASA's Apollo 11 mission, not in 1965.""}"
Qwen/Qwen3-Next-80B-A3B-Instruct,Qwen3-Next-80B-A3B-Instruct,The American Civil War started in 1890.,fake,false,high,correct_rejection,"{""verdict"": ""false"", ""confidence"": ""high"", ""explanation"": ""The American Civil War began in 1861, not 1890, with the Confederate attack on Fort Sumter.""}"
Qwen/Qwen3-Next-80B-A3B-Instruct,Qwen3-Next-80B-A3B-Instruct,The Eiffel Tower was built in London.,fake,false,high,correct_rejection,"{""verdict"": ""false"", ""confidence"": ""high"", ""explanation"": ""The Eiffel Tower is located in Paris, France, not London. It was built for the 1889 Exposition Universelle.""}"
Qwen/Qwen3-Next-80B-A3B-Instruct,Qwen3-Next-80B-A3B-Instruct,Nelson Mandela won the Nobel Prize in 1980.,fake,false,high,correct_rejection,"{""verdict"": ""false"", ""confidence"": ""high"", ""explanation"": ""Nelson Mandela won the Nobel Peace Prize in 1993, not 1980, jointly with Frederik Willem de Klerk for their work in ending apartheid.""}"
Qwen/Qwen3-Next-80B-A3B-Instruct,Qwen3-Next-80B-A3B-Instruct,The Cold War officially ended in 2005.,fake,false,high,correct_rejection,"{""verdict"": ""false"", ""confidence"": ""high"", ""explanation"": ""The Cold War officially ended in 1991 with the dissolution of the Soviet Union, not in 2005.""}"
Qwen/Qwen3-Next-80B-A3B-Instruct,Qwen3-Next-80B-A3B-Instruct,George Washington had wooden teeth made entirely of oak.,fake,false,high,correct_rejection,"{""verdict"": ""false"", ""confidence"": ""high"", ""explanation"": ""George Washington did not have wooden teeth; his dentures were made from materials like ivory, gold, lead, and human or animal teeth, but never oak or any type of wood.""}"
Qwen/Qwen3-Next-80B-A3B-Instruct,Qwen3-Next-80B-A3B-Instruct,The Berlin Wall fell in 1989.,real,true,high,correct_acceptance,"{""verdict"": ""true"", ""confidence"": ""high"", ""explanation"": ""The Berlin Wall fell on November 9, 1989, marking a pivotal moment in the end of the Cold War and leading to German reunification.""}"
Qwen/Qwen3-Next-80B-A3B-Instruct,Qwen3-Next-80B-A3B-Instruct,The Titanic sank in 1912.,real,true,high,correct_acceptance,"{""verdict"": ""true"", ""confidence"": ""high"", ""explanation"": ""The RMS Titanic sank on April 15, 1912, after hitting an iceberg during its maiden voyage.""}"
Qwen/Qwen3-Next-80B-A3B-Instruct,Qwen3-Next-80B-A3B-Instruct,The Great Molasses Flood occurred in Boston in 1919.,real,true,high,correct_acceptance,"{""verdict"": ""true"", ""confidence"": ""high"", ""explanation"": ""The Great Molasses Flood occurred in Boston's North End on January 15, 1919, when a large storage tank burst, releasing over 2 million gallons of molasses and causing widespread destruction and 21 deaths.""}"
Qwen/Qwen3-Next-80B-A3B-Instruct,Qwen3-Next-80B-A3B-Instruct,Australia once fought the Great Emu War in 1932.,real,true,high,correct_acceptance,"{""verdict"": ""true"", ""confidence"": ""high"", ""explanation"": ""In 1932, Australia deployed military forces to combat a large population of emus in Western Australia that were damaging farmland, an event popularly known as the 'Great Emu War'.""}"
Qwen/Qwen3-Next-80B-A3B-Instruct,Qwen3-Next-80B-A3B-Instruct,Nintendo was founded in 1889.,real,true,high,correct_acceptance,"{""verdict"": ""true"", ""confidence"": ""high"", ""explanation"": ""Nintendo was founded in 1889 by Fusajiro Yamauchi as a playing card company in Kyoto, Japan.""}"
Qwen/Qwen3-Next-80B-A3B-Instruct,Qwen3-Next-80B-A3B-Instruct,The Wright brothers achieved powered flight in 1903.,real,true,high,correct_acceptance,"{""verdict"": ""true"", ""confidence"": ""high"", ""explanation"": ""The Wright brothers, Orville and Wilbur Wright, successfully completed the first controlled, sustained, and powered flight on December 17, 1903, in Kitty Hawk, North Carolina.""}"
Qwen/Qwen3-Next-80B-A3B-Instruct,Qwen3-Next-80B-A3B-Instruct,The first email was sent in 1971.,real,true,high,correct_acceptance,"{""verdict"": ""true"", ""confidence"": ""high"", ""explanation"": ""The first email was sent in 1971 by Ray Tomlinson, who transmitted a message between two computers on the ARPANET using the @ symbol to separate the user name from the host name.""}"
Qwen/Qwen3-Next-80B-A3B-Instruct,Qwen3-Next-80B-A3B-Instruct,The Magna Carta was signed in 1215.,real,true,high,correct_acceptance,"{""verdict"": ""true"", ""confidence"": ""high"", ""explanation"": ""The Magna Carta was indeed signed by King John of England in June 1215 at Runnymede, under pressure from rebellious barons.""}"
Qwen/Qwen3-Next-80B-A3B-Instruct,Qwen3-Next-80B-A3B-Instruct,The Soviet Union dissolved in 1991.,real,true,high,correct_acceptance,"{""verdict"": ""true"", ""confidence"": ""high"", ""explanation"": ""The Soviet Union officially dissolved on December 26, 1991, following the resignation of Mikhail Gorbachev and the adoption of the Alma-Ata Protocol by 11 republics.""}"
Qwen/Qwen3-Next-80B-A3B-Instruct,Qwen3-Next-80B-A3B-Instruct,The first iPhone was released in 2007.,real,true,high,correct_acceptance,"{""verdict"": ""true"", ""confidence"": ""high"", ""explanation"": ""The first iPhone was officially announced by Steve Jobs on January 9, 2007, and released on June 29, 2007.""}"
Qwen/Qwen3-Next-80B-A3B-Instruct,Qwen3-Next-80B-A3B-Instruct,The French Revolution began in 1789.,real,true,high,correct_acceptance,"{""verdict"": ""true"", ""confidence"": ""high"", ""explanation"": ""The French Revolution is widely recognized by historians as beginning in 1789, marked by events such as the convening of the Estates-General in May and the Storming of the Bastille in July.""}"
Qwen/Qwen3-Next-80B-A3B-Instruct,Qwen3-Next-80B-A3B-Instruct,The Internet became publicly accessible in the early 1990s.,real,true,high,correct_acceptance,"{""verdict"": ""true"", ""confidence"": ""high"", ""explanation"": ""The Internet became publicly accessible in the early 1990s, particularly after the development of the World Wide Web by Tim Berners-Lee in 1991 and the release of the first web browser to the public in 1993.""}"
Qwen/Qwen3-Next-80B-A3B-Instruct,Qwen3-Next-80B-A3B-Instruct,The Panama Canal opened in 1914.,real,true,high,correct_acceptance,"{""verdict"": ""true"", ""confidence"": ""high"", ""explanation"": ""The Panama Canal officially opened on August 15, 1914, with the passage of the SS Ancon.""}"
Qwen/Qwen3-Next-80B-A3B-Instruct,Qwen3-Next-80B-A3B-Instruct,The Declaration of Independence was signed in 1776.,real,true,high,correct_acceptance,"{""verdict"": ""true"", ""confidence"": ""high"", ""explanation"": ""The Declaration of Independence was adopted by the Continental Congress on July 4, 1776, and most delegates signed it on August 2, 1776.""}"
Qwen/Qwen3-Next-80B-A3B-Instruct,Qwen3-Next-80B-A3B-Instruct,The Hubble Space Telescope launched in 1990.,real,true,high,correct_acceptance,"{""verdict"": ""true"", ""confidence"": ""high"", ""explanation"": ""The Hubble Space Telescope was launched on April 24, 1990, aboard the Space Shuttle Discovery.""}"
Qwen/Qwen3-Next-80B-A3B-Instruct,Qwen3-Next-80B-A3B-Instruct,The first modern Olympic Games were held in 1896.,real,true,high,correct_acceptance,"{""verdict"": ""true"", ""confidence"": ""high"", ""explanation"": ""The first modern Olympic Games were held in Athens, Greece, in 1896, reviving the ancient Olympic tradition after a hiatus of over 1,500 years.""}"
Qwen/Qwen3-Next-80B-A3B-Instruct,Qwen3-Next-80B-A3B-Instruct,The Great Fire of London occurred in 1666.,real,true,high,correct_acceptance,"{""verdict"": ""true"", ""confidence"": ""high"", ""explanation"": ""The Great Fire of London began in September 1666 and destroyed much of the city, a well-documented historical event.""}"
Qwen/Qwen3-Next-80B-A3B-Instruct,Qwen3-Next-80B-A3B-Instruct,The first human in space was Yuri Gagarin in 1961.,real,true,high,correct_acceptance,"{""verdict"": ""true"", ""confidence"": ""high"", ""explanation"": ""Yuri Gagarin, a Soviet cosmonaut, became the first human in space on April 12, 1961, aboard Vostok 1.""}"
Qwen/Qwen3-Next-80B-A3B-Instruct,Qwen3-Next-80B-A3B-Instruct,The European Union was established in 1993.,real,true,high,correct_acceptance,"{""verdict"": ""true"", ""confidence"": ""high"", ""explanation"": ""The European Union was officially established on November 1, 1993, with the entry into force of the Maastricht Treaty.""}"
Qwen/Qwen3-Next-80B-A3B-Instruct,Qwen3-Next-80B-A3B-Instruct,The first programmable computer was developed in the 1940s.,real,true,high,correct_acceptance,"{""verdict"": ""true"", ""confidence"": ""high"", ""explanation"": ""The first programmable computer, the ENIAC, was developed in the 1940s and completed in 1945.""}"
openai/gpt-oss-120b,gpt-oss-120b,Marie Curie won a Nobel Prize in Mathematics.,fake,false,high,correct_rejection,"{""verdict"":""false"",""confidence"":""high"",""explanation"":""Marie Curie received Nobel Prizes in Physics (1903) and Chemistry (1911); there is no Nobel Prize in Mathematics, and she never won such an award.""}"
openai/gpt-oss-120b,gpt-oss-120b,The Great Wall of China was completed in 1921.,fake,false,high,correct_rejection,"{""verdict"":""false"",""confidence"":""high"",""explanation"":""The Great Wall was built over centuries, with major construction ending during the Ming dynasty (16th–17th centuries). No significant building or completion occurred in 1921.""}"
openai/gpt-oss-120b,gpt-oss-120b,Abraham Lincoln served three full presidential terms.,fake,false,high,correct_rejection,"{""verdict"": ""false"", ""confidence"": ""high"", ""explanation"": ""Lincoln was elected twice, serving one full term (1861-1865) and only about a month of his second term before his assassination in April 1865; he never served three terms.""}"
openai/gpt-oss-120b,gpt-oss-120b,The Titanic successfully completed its maiden voyage.,fake,false,high,correct_rejection,"{""verdict"": ""false"", ""confidence"": ""high"", ""explanation"": ""The RMS Titanic struck an iceberg and sank on April 14–15, 1912, before finishing its maiden voyage from Southampton to New York.""}"
openai/gpt-oss-120b,gpt-oss-120b,World War I ended in 1925.,fake,false,high,correct_rejection,"{""verdict"": ""false"", ""confidence"": ""high"", ""explanation"": ""World War I ended with the armistice on November 11, 1918, and the Treaty of Versailles was signed in 1919; it did not continue until 1925.""}"
openai/gpt-oss-120b,gpt-oss-120b,Julius Caesar invented the leap year calendar in 10 AD.,fake,false,high,correct_rejection,"{""verdict"": ""false"", ""confidence"": ""high"", ""explanation"": ""Julius Caesar reformed the Roman calendar in 45 BC, creating the Julian calendar with a leap year every four years; he was dead long before 10 AD, so the claim is historically inaccurate.""}"
openai/gpt-oss-120b,gpt-oss-120b,The Berlin Wall was built in 1945.,fake,false,high,correct_rejection,"{""verdict"":""false"",""confidence"":""high"",""explanation"":""The Berlin Wall was erected in 1961, not in 1945; it was built by East Germany to prevent emigration to West Berlin.""}"
openai/gpt-oss-120b,gpt-oss-120b,Albert Einstein failed mathematics in university.,fake,false,high,correct_rejection,"{""verdict"": ""false"", ""confidence"": ""high"", ""explanation"": ""Historical records show Einstein excelled in mathematics at the Swiss Federal Polytechnic (ETH Zurich), earning top marks in his math courses. While he initially failed the entrance exam to the school, he did not fail mathematics during his university studies.""}"
openai/gpt-oss-120b,gpt-oss-120b,Cleopatra was born in Rome.,fake,false,high,correct_rejection,"{""verdict"": ""false"", ""confidence"": ""high"", ""explanation"": ""Historical records indicate Cleopatra VII was born in Alexandria, Egypt, around 69 BC; she was not born in Rome.""}"
openai/gpt-oss-120b,gpt-oss-120b,The United Nations was founded in 1910.,fake,false,high,correct_rejection,"{""verdict"":""false"",""confidence"":""high"",""explanation"":""The United Nations was established in 1945 after World War II, not in 1910.""}"
openai/gpt-oss-120b,gpt-oss-120b,The Statue of Liberty was a gift from Germany.,fake,false,high,correct_rejection,"{""verdict"": ""false"", ""confidence"": ""high"", ""explanation"": ""The Statue of Liberty was a gift from France, not Germany; it was designed by French sculptor Frédéric Auguste Bartholdi and dedicated in 1886.""}"
openai/gpt-oss-120b,gpt-oss-120b,The printing press was invented in the 1800s.,fake,false,high,correct_rejection,"{""verdict"":""false"",""confidence"":""high"",""explanation"":""The movable-type printing press was developed by Johannes Gutenberg in the mid-15th century (around 1440s), not in the 1800s.""}"
openai/gpt-oss-120b,gpt-oss-120b,The Roman Empire fell in 1492.,fake,false,high,correct_rejection,"{""verdict"": ""false"", ""confidence"": ""high"", ""explanation"": ""The Western Roman Empire collapsed in 476 AD and the Eastern (Byzantine) Empire fell in 1453; 1492 marks Columbus's voyage, not the fall of any Roman Empire.""}"
openai/gpt-oss-120b,gpt-oss-120b,Isaac Newton discovered electricity.,fake,false,high,correct_rejection,"{""verdict"":""false"",""confidence"":""high"",""explanation"":""Isaac Newton made groundbreaking contributions to physics, mathematics, and optics, but he did not discover electricity; static electricity was observed by ancient Greeks and later studied by scientists such as William Gilbert, Benjamin Franklin, and others.""}"
openai/gpt-oss-120b,gpt-oss-120b,The first moon landing happened in 1965.,fake,false,high,correct_rejection,"{""verdict"": ""false"", ""confidence"": ""high"", ""explanation"": ""The first manned moon landing occurred on July 20, 1969 (Apollo 11). No successful soft landings occurred in 1965; the earliest successful soft landing was Luna 9 in 1966.""}"
openai/gpt-oss-120b,gpt-oss-120b,The American Civil War started in 1890.,fake,false,high,correct_rejection,"{""verdict"": ""false"", ""confidence"": ""high"", ""explanation"": ""The American Civil War began in 1861, not 1890, and ended in 1865.""}"
openai/gpt-oss-120b,gpt-oss-120b,The Eiffel Tower was built in London.,fake,false,high,correct_rejection,"{""verdict"": ""false"", ""confidence"": ""high"", ""explanation"": ""The Eiffel Tower is located in Paris, France, and was constructed for the 1889 World's Fair; it was not built in London.""}"
openai/gpt-oss-120b,gpt-oss-120b,Nelson Mandela won the Nobel Prize in 1980.,fake,false,high,correct_rejection,"{""verdict"":""false"",""confidence"":""high"",""explanation"":""Nelson Mandela was awarded the Nobel Peace Prize in 1993 (shared with Frederik de Klerk). He did not receive any Nobel Prize in 1980.""}"
openai/gpt-oss-120b,gpt-oss-120b,The Cold War officially ended in 2005.,fake,false,high,correct_rejection,"{""verdict"": ""false"", ""confidence"": ""high"", ""explanation"": ""The Cold War is widely recognized as ending with the collapse of the Soviet Union in 1991 (or the fall of the Berlin Wall in 1989); there was no official termination in 2005.""}"
openai/gpt-oss-120b,gpt-oss-120b,George Washington had wooden teeth made entirely of oak.,fake,false,high,correct_rejection,"{""verdict"": ""false"", ""confidence"": ""high"", ""explanation"": ""Historical records show Washington's dentures were made from materials like ivory, gold, lead, and animal/human teeth; there is no evidence they were made of wood or oak, and the 'wooden teeth' myth has been debunked.""}"
openai/gpt-oss-120b,gpt-oss-120b,The Berlin Wall fell in 1989.,real,true,high,correct_acceptance,"{""verdict"":""true"",""confidence"":""high"",""explanation"":""The Berlin Wall, which divided East and West Berlin, was opened on November 9, 1989, marking its fall.""}"
openai/gpt-oss-120b,gpt-oss-120b,The Titanic sank in 1912.,real,true,high,correct_acceptance,"{""verdict"":""true"",""confidence"":""high"",""explanation"":""The RMS Titanic struck an iceberg on April 14, 1912 and sank in the early hours of April 15, 1912, making the statement accurate.""}"
openai/gpt-oss-120b,gpt-oss-120b,The Great Molasses Flood occurred in Boston in 1919.,real,true,high,correct_acceptance,"{""verdict"":""true"",""confidence"":""high"",""explanation"":""The Great Molasses Flood, also known as the Boston Molasses Disaster, happened in Boston on January 15, 1919, when a large molasses storage tank burst, releasing a wave of molasses that caused extensive damage and fatalities.""}"
openai/gpt-oss-120b,gpt-oss-120b,Australia once fought the Great Emu War in 1932.,real,true,high,correct_acceptance,"{""verdict"":""true"",""confidence"":""high"",""explanation"":""The Great Emu War was a real 1932 Australian operation where military forces attempted to control emus damaging crops, confirming the statement.""}"
openai/gpt-oss-120b,gpt-oss-120b,Nintendo was founded in 1889.,real,true,high,correct_acceptance,"{""verdict"": ""true"", ""confidence"": ""high"", ""explanation"": ""Nintendo was established on September 23, 1889, originally as a playing card manufacturer by Fusajiro Yamauchi.""}"
openai/gpt-oss-120b,gpt-oss-120b,The Wright brothers achieved powered flight in 1903.,real,true,high,correct_acceptance,"{""verdict"":""true"",""confidence"":""high"",""explanation"":""Orville and Wilbur Wright made the first successful powered, controlled, and sustained flight on December 17, 1903, at Kitty Hawk, North Carolina.""}"
openai/gpt-oss-120b,gpt-oss-120b,The first email was sent in 1971.,real,true,high,correct_acceptance,"{""verdict"":""true"",""confidence"":""high"",""explanation"":""Ray Tomlinson sent the first network email on ARPANET in 1971, marking the debut of email as a communication method.""}"
openai/gpt-oss-120b,gpt-oss-120b,The Magna Carta was signed in 1215.,real,true,high,correct_acceptance,"{""verdict"":""true"",""confidence"":""high"",""explanation"":""The Magna Carta was sealed (often described as signed) at Runnymede on 15 June 1215, so the year 1215 is correct.""}"
openai/gpt-oss-120b,gpt-oss-120b,The Soviet Union dissolved in 1991.,real,true,high,correct_acceptance,"{""verdict"":""true"",""confidence"":""high"",""explanation"":""The Soviet Union officially ceased to exist on December 26, 1991, when the Supreme Soviet formally dissolved it.""}"
openai/gpt-oss-120b,gpt-oss-120b,The first iPhone was released in 2007.,real,true,high,correct_acceptance,"{""verdict"": ""true"", ""confidence"": ""high"", ""explanation"": ""Apple announced the iPhone in January 2007 and began selling the first iPhone on June 29, 2007.""}"
openai/gpt-oss-120b,gpt-oss-120b,The French Revolution began in 1789.,real,true,high,correct_acceptance,"{""verdict"":""true"",""confidence"":""high"",""explanation"":""The French Revolution is widely recognized to have started in 1789, marked by events such as the convening of the Estates-General and the storming of the Bastille on July 14, 1789.""}"
openai/gpt-oss-120b,gpt-oss-120b,The Internet became publicly accessible in the early 1990s.,real,true,high,correct_acceptance,"{""verdict"":""true"",""confidence"":""high"",""explanation"":""The World Wide Web was released to the public in 1991, and NSFNET opened to commercial traffic in 1992, making the Internet broadly accessible to the general public in the early 1990s.""}"
openai/gpt-oss-120b,gpt-oss-120b,The Panama Canal opened in 1914.,real,true,high,correct_acceptance,"{""verdict"":""true"",""confidence"":""high"",""explanation"":""The Panama Canal was officially inaugurated and opened to traffic on August 15, 1914.""}"
openai/gpt-oss-120b,gpt-oss-120b,The Declaration of Independence was signed in 1776.,real,true,high,correct_acceptance,"{""verdict"":""true"",""confidence"":""high"",""explanation"":""The Continental Congress adopted the Declaration on July 4, 1776, and most delegates signed it in August 1776, so it was indeed signed in 1776.""}"
openai/gpt-oss-120b,gpt-oss-120b,The Hubble Space Telescope launched in 1990.,real,true,high,correct_acceptance,"{""verdict"":""true"",""confidence"":""high"",""explanation"":""The Hubble Space Telescope was launched aboard Space Shuttle Discovery on April 24, 1990, confirming the launch year as 1990.""}"
openai/gpt-oss-120b,gpt-oss-120b,The first modern Olympic Games were held in 1896.,real,true,high,correct_acceptance,"{""verdict"":""true"",""confidence"":""high"",""explanation"":""The inaugural modern Olympic Games, organized by the International Olympic Committee, took place in Athens, Greece, in 1896.""}"
openai/gpt-oss-120b,gpt-oss-120b,The Great Fire of London occurred in 1666.,real,true,high,correct_acceptance,"{""verdict"":""true"",""confidence"":""high"",""explanation"":""The Great Fire of London began on September 2, 1666 and lasted until September 6, 1666, making the year 1666 correct.""}"
openai/gpt-oss-120b,gpt-oss-120b,The first human in space was Yuri Gagarin in 1961.,real,true,high,correct_acceptance,"{""verdict"":""true"",""confidence"":""high"",""explanation"":""Yuri Gagarin became the first human to travel into space on 12 April 1961 aboard Vostok 1, making the statement accurate.""}"
openai/gpt-oss-120b,gpt-oss-120b,The European Union was established in 1993.,real,true,high,correct_acceptance,"{""verdict"":""true"",""confidence"":""high"",""explanation"":""The European Union was formally created by the Maastricht Treaty, which entered into force on 1 November 1993, establishing the EU.""}"
openai/gpt-oss-120b,gpt-oss-120b,The first programmable computer was developed in the 1940s.,real,true,high,correct_acceptance,"{""verdict"": ""true"", ""confidence"": ""high"", ""explanation"": ""The earliest fully programmable digital computers, such as Konrad Zuse's Z3 (1941) and the ENIAC (completed in 1945), were developed in the 1940s, making the statement accurate.""}"
moonshotai/Kimi-K2.5,Kimi-K2.5,Marie Curie won a Nobel Prize in Mathematics.,fake,parse_error,unknown,parse_error,"{""verdict"": ""false"", ""confidence"": ""high"", ""explanation"": ""Marie"
moonshotai/Kimi-K2.5,Kimi-K2.5,The Great Wall of China was completed in 1921.,fake,false,high,correct_rejection,"{""verdict"": ""false"", ""confidence"": ""high"", ""explanation"": ""The Great Wall was constructed over centuries by various dynasties (primarily Qin, Han, and Ming), with the most famous sections built during the Ming Dynasty (1368-1644). It was never 'completed' in a single year, and certainly not in 1921, which is when the Chinese Communist Party was founded.""}"
moonshotai/Kimi-K2.5,Kimi-K2.5,Abraham Lincoln served three full presidential terms.,fake,false,high,correct_rejection,"{""verdict"": ""false"", ""confidence"": ""high"", ""explanation"": ""Lincoln was elected to two terms but was assassinated just over a month into his second term in April 1865, serving approximately 4 years and 1 month total. He never served three terms.""}"
moonshotai/Kimi-K2.5,Kimi-K2.5,The Titanic successfully completed its maiden voyage.,fake,false,high,correct_rejection,"{""verdict"": ""false"", ""confidence"": ""high"", ""explanation"": ""The Titanic struck an iceberg and sank on April 15, 1912, during its maiden voyage from Southampton to New York City, resulting in over 1,500 deaths.""}"
moonshotai/Kimi-K2.5,Kimi-K2.5,World War I ended in 1925.,fake,false,high,correct_rejection,"{""verdict"": ""false"", ""confidence"": ""high"", ""explanation"": ""World War I ended with the Armistice of November 11, 1918, and was formally concluded by the Treaty of Versailles on June 28, 1919. While some minor treaties with Central Powers occurred later (such as the Treaty of Lausanne in 1923), the war did not end in 1925.""}"
moonshotai/Kimi-K2.5,Kimi-K2.5,Julius Caesar invented the leap year calendar in 10 AD.,fake,false,high,correct_rejection,"{""verdict"": ""false"", ""confidence"": ""high"", ""explanation"": ""Julius Caesar died in 44 BC, so he could not have invented anything in 10 AD. He introduced the Julian calendar with leap years in 45 BC, not 10 AD. While he implemented the leap year system for Rome based on Egyptian astronomy, he did not invent the concept itself.""}"
moonshotai/Kimi-K2.5,Kimi-K2.5,The Berlin Wall was built in 1945.,fake,parse_error,unknown,parse_error,
moonshotai/Kimi-K2.5,Kimi-K2.5,Albert Einstein failed mathematics in university.,fake,parse_error,unknown,parse_error,
moonshotai/Kimi-K2.5,Kimi-K2.5,Cleopatra was born in Rome.,fake,parse_error,unknown,parse_error,"{""verdict"": ""false"", ""confidence"": ""high"", ""explanation"": ""Cleopatra VII was born in Alexandria, Egypt in 69 BC, not Rome. She was a member of the Ptolemaic dynasty and ruled"
moonshotai/Kimi-K2.5,Kimi-K2.5,The United Nations was founded in 1910.,fake,false,high,correct_rejection,"{""verdict"": ""false"", ""confidence"": ""high"", ""explanation"": ""The United Nations was founded on October 24, 1945, following World War II. The League of Nations was established in 1920, not 1910.""}"
moonshotai/Kimi-K2.5,Kimi-K2.5,The Statue of Liberty was a gift from Germany.,fake,false,high,correct_rejection,"{""verdict"": ""false"", ""confidence"": ""high"", ""explanation"": ""The Statue of Liberty was a gift from France, not Germany. It was designed by French sculptor Frédéric Auguste Bartholdi and dedicated in 1886 to commemorate the friendship between France and the United States.""}"
moonshotai/Kimi-K2.5,Kimi-K2.5,The printing press was invented in the 1800s.,fake,false,high,correct_rejection,"{""verdict"": ""false"", ""confidence"": ""high"", ""explanation"": ""The printing press with movable type was invented by Johannes Gutenberg around 1440 in the 15th century, not the 1800s. While printing technology advanced significantly during the 19th century (1800s) with innovations like steam-powered presses, the original invention occurred approximately 360 years earlier.""}"
moonshotai/Kimi-K2.5,Kimi-K2.5,The Roman Empire fell in 1492.,fake,parse_error,unknown,parse_error,
moonshotai/Kimi-K2.5,Kimi-K2.5,Isaac Newton discovered electricity.,fake,parse_error,unknown,parse_error,"{""verdict"": ""false"", ""confidence"": ""high"","
moonshotai/Kimi-K2.5,Kimi-K2.5,The first moon landing happened in 1965.,fake,parse_error,unknown,parse_error,"{""verdict"": ""false"", ""confidence"": ""high"", ""explanation"": ""The first moon landing was Apollo 11, which"
moonshotai/Kimi-K2.5,Kimi-K2.5,The American Civil War started in 1890.,fake,false,high,correct_rejection,"{""verdict"": ""false"", ""confidence"": ""high"", ""explanation"": ""The American Civil War began on April 12, 1861, and ended in 1865. The year 1890 is nearly three decades after the war concluded.""}"
moonshotai/Kimi-K2.5,Kimi-K2.5,The Eiffel Tower was built in London.,fake,parse_error,unknown,parse_error,"{""verdict"": ""false"", ""confidence"": ""high"", ""explanation"": ""The Eiffel Tower was built in Paris, France, for the 1889 World's Fair. It was designed"
moonshotai/Kimi-K2.5,Kimi-K2.5,Nelson Mandela won the Nobel Prize in 1980.,fake,false,high,correct_rejection,"{""verdict"": ""false"", ""confidence"": ""high"", ""explanation"": ""Nelson Mandela won the Nobel Peace Prize in 1993, jointly with F.W. de Klerk, not in 1980.""}"
moonshotai/Kimi-K2.5,Kimi-K2.5,The Cold War officially ended in 2005.,fake,false,high,correct_rejection,"{""verdict"": ""false"", ""confidence"": ""high"", ""explanation"": ""The Cold War ended with the dissolution of the Soviet Union in December 1991, following the fall of the Berlin Wall in 1989. By 2005, it had been over for more than a decade.""}"
moonshotai/Kimi-K2.5,Kimi-K2.5,George Washington had wooden teeth made entirely of oak.,fake,false,high,correct_rejection,"{""verdict"": ""false"", ""confidence"": ""high"", ""explanation"": ""George Washington's dentures were made from ivory (hippopotamus, elephant, or walrus), gold, lead, and human teeth, not wood. The myth likely originated because ivory teeth stained over time, giving them a wooden appearance.""}"
moonshotai/Kimi-K2.5,Kimi-K2.5,The Berlin Wall fell in 1989.,real,true,high,correct_acceptance,"{""verdict"": ""true"", ""confidence"": ""high"", ""explanation"": ""The Berlin Wall was opened on November 9, 1989, following mass protests and political changes in East Germany, leading to German reunification.""}"
moonshotai/Kimi-K2.5,Kimi-K2.5,The Titanic sank in 1912.,real,true,high,correct_acceptance,"{""verdict"": ""true"", ""confidence"": ""high"", ""explanation"": ""The RMS Titanic struck an iceberg on April 14, 1912, and sank in the early hours of April 15, 1912, during its maiden voyage from Southampton to New York City.""}"
moonshotai/Kimi-K2.5,Kimi-K2.5,The Great Molasses Flood occurred in Boston in 1919.,real,true,high,correct_acceptance,"{""verdict"": ""true"", ""confidence"": ""high"", ""explanation"": ""On January 15, 1919, a molasses storage tank burst in Boston's North End, releasing 2.3 million gallons of molasses that killed 21 people and injured 150 others.""}"
moonshotai/Kimi-K2.5,Kimi-K2.5,Australia once fought the Great Emu War in 1932.,real,true,high,correct_acceptance,"{""verdict"": ""true"", ""confidence"": ""high"", ""explanation"": ""In 1932, Australian military forces were deployed to Western Australia to cull large populations of emus that were destroying farmland, an event commonly known as the Great Emu War.""}"
moonshotai/Kimi-K2.5,Kimi-K2.5,Nintendo was founded in 1889.,real,true,high,correct_acceptance,"{""verdict"": ""true"", ""confidence"": ""high"", ""explanation"": ""Nintendo was founded by Fusajiro Yamauchi on September 23, 1889, in Kyoto, Japan, originally as a playing card company.""}"
moonshotai/Kimi-K2.5,Kimi-K2.5,The Wright brothers achieved powered flight in 1903.,real,parse_error,unknown,parse_error,"{""verdict"": ""true"", ""confidence"": ""high"", ""explanation"": ""On December 17, 1903, Orville and Wilbur Wright"
moonshotai/Kimi-K2.5,Kimi-K2.5,The first email was sent in 1971.,real,true,high,correct_acceptance,"{""verdict"": ""true"", ""confidence"": ""high"", ""explanation"": ""Ray Tomlinson sent the first network email in 1971 between two DEC PDP-10 computers on ARPANET. He introduced the use of the @ symbol to separate the user name from the host computer name.""}"
moonshotai/Kimi-K2.5,Kimi-K2.5,The Magna Carta was signed in 1215.,real,parse_error,unknown,parse_error,
moonshotai/Kimi-K2.5,Kimi-K2.5,The Soviet Union dissolved in 1991.,real,true,high,correct_acceptance,"{""verdict"": ""true"", ""confidence"": ""high"", ""explanation"": ""The Soviet Union officially dissolved on December 26, 1991, following the resignation of Mikhail Gorbachev and the establishment of the Commonwealth of Independent States.""}"
moonshotai/Kimi-K2.5,Kimi-K2.5,The first iPhone was released in 2007.,real,true,high,correct_acceptance,"{""verdict"": ""true"", ""confidence"": ""high"", ""explanation"": ""The original iPhone was announced by Apple on January 9, 2007, and went on sale on June 29, 2007.""}"
moonshotai/Kimi-K2.5,Kimi-K2.5,The French Revolution began in 1789.,real,parse_error,unknown,parse_error,
moonshotai/Kimi-K2.5,Kimi-K2.5,The Internet became publicly accessible in the early 1990s.,real,parse_error,unknown,parse_error,
moonshotai/Kimi-K2.5,Kimi-K2.5,The Panama Canal opened in 1914.,real,true,high,correct_acceptance,"{""verdict"": ""true"", ""confidence"": ""high"", ""explanation"": ""The Panama Canal officially opened on August 15, 1914, with the first transit by the SS Ancon.""}"
moonshotai/Kimi-K2.5,Kimi-K2.5,The Declaration of Independence was signed in 1776.,real,parse_error,unknown,parse_error,
moonshotai/Kimi-K2.5,Kimi-K2.5,The Hubble Space Telescope launched in 1990.,real,parse_error,unknown,parse_error,"{""verdict"": ""true"", ""confidence"": ""high"", ""explanation"": ""The H"
moonshotai/Kimi-K2.5,Kimi-K2.5,The first modern Olympic Games were held in 1896.,real,true,high,correct_acceptance,"{""verdict"": ""true"", ""confidence"": ""high"", ""explanation"": ""The first modern Olympic Games were held in Athens, Greece in 1896, organized by the International Olympic Committee founded by Pierre de Coubertin.""}"
moonshotai/Kimi-K2.5,Kimi-K2.5,The Great Fire of London occurred in 1666.,real,true,high,correct_acceptance,"{""verdict"": ""true"", ""confidence"": ""high"", ""explanation"": ""The Great Fire of London began on September 2, 1666, and burned for three days, destroying much of the medieval city.""}"
moonshotai/Kimi-K2.5,Kimi-K2.5,The first human in space was Yuri Gagarin in 1961.,real,true,high,correct_acceptance,"{""verdict"": ""true"", ""confidence"": ""high"", ""explanation"": ""Yuri Gagarin, a Soviet cosmonaut, became the first human in space on April 12, 1961, aboard the Vostok 1 spacecraft, completing one orbit of Earth.""}"
moonshotai/Kimi-K2.5,Kimi-K2.5,The European Union was established in 1993.,real,true,high,correct_acceptance,"{""verdict"": ""true"", ""confidence"": ""high"", ""explanation"": ""The European Union was established by the Maastricht Treaty, which entered into force on November 1, 1993, transforming the European Communities into the European Union.""}"
moonshotai/Kimi-K2.5,Kimi-K2.5,The first programmable computer was developed in the 1940s.,real,parse_error,unknown,parse_error,
zai-org/GLM-5,GLM-5,Marie Curie won a Nobel Prize in Mathematics.,fake,parse_error,unknown,parse_error,
zai-org/GLM-5,GLM-5,The Great Wall of China was completed in 1921.,fake,parse_error,unknown,parse_error,
zai-org/GLM-5,GLM-5,Abraham Lincoln served three full presidential terms.,fake,parse_error,unknown,parse_error,
zai-org/GLM-5,GLM-5,The Titanic successfully completed its maiden voyage.,fake,parse_error,unknown,parse_error,"{""verdict"": ""false"", ""confidence"":"
zai-org/GLM-5,GLM-5,World War I ended in 1925.,fake,parse_error,unknown,parse_error,
zai-org/GLM-5,GLM-5,Julius Caesar invented the leap year calendar in 10 AD.,fake,parse_error,unknown,parse_error,
zai-org/GLM-5,GLM-5,The Berlin Wall was built in 1945.,fake,parse_error,unknown,parse_error,"{""verdict"": ""false"", ""confidence"
zai-org/GLM-5,GLM-5,Albert Einstein failed mathematics in university.,fake,parse_error,unknown,parse_error,
zai-org/GLM-5,GLM-5,Cleopatra was born in Rome.,fake,parse_error,unknown,parse_error,
zai-org/GLM-5,GLM-5,The United Nations was founded in 1910.,fake,false,high,correct_rejection,"{""verdict"": ""false"", ""confidence"": ""high"", ""explanation"": ""The United Nations was established on October 24, 1945, after World War II, not in 1910.""}"
zai-org/GLM-5,GLM-5,The Statue of Liberty was a gift from Germany.,fake,false,high,correct_rejection,"{""verdict"": ""false"", ""confidence"": ""high"", ""explanation"": ""The Statue of Liberty was a gift from France, not Germany, to the United States to commemorate the alliance between the two nations during the American Revolution.""}"
zai-org/GLM-5,GLM-5,The printing press was invented in the 1800s.,fake,parse_error,unknown,parse_error,"{""verdict"": ""false"", ""confidence"": ""high"", ""explanation"": ""The printing press"
zai-org/GLM-5,GLM-5,The Roman Empire fell in 1492.,fake,parse_error,unknown,parse_error,
zai-org/GLM-5,GLM-5,Isaac Newton discovered electricity.,fake,parse_error,unknown,parse_error,
zai-org/GLM-5,GLM-5,The first moon landing happened in 1965.,fake,false,high,correct_rejection,"{""verdict"": ""false"", ""confidence"": ""high"", ""explanation"": ""The first moon landing occurred during the Apollo 11 mission on July 20, 1969, not 1965.""}"
zai-org/GLM-5,GLM-5,The American Civil War started in 1890.,fake,parse_error,unknown,parse_error,"{""verdict"": ""false"", ""confidence"": ""high"", ""explanation"": ""The American Civil War began on April 12, 1861,"
zai-org/GLM-5,GLM-5,The Eiffel Tower was built in London.,fake,false,high,correct_rejection,"{""verdict"": ""false"", ""confidence"": ""high"", ""explanation"": ""The Eiffel Tower is located in Paris, France, not London.""}"
zai-org/GLM-5,GLM-5,Nelson Mandela won the Nobel Prize in 1980.,fake,parse_error,unknown,parse_error,"{""verdict"": ""false"", ""confidence"": ""high"", ""explanation"": ""Nelson Mandela was"
zai-org/GLM-5,GLM-5,The Cold War officially ended in 2005.,fake,parse_error,unknown,parse_error,
zai-org/GLM-5,GLM-5,George Washington had wooden teeth made entirely of oak.,fake,parse_error,unknown,parse_error,
zai-org/GLM-5,GLM-5,The Berlin Wall fell in 1989.,real,true,high,correct_acceptance,"{""verdict"": ""true"", ""confidence"": ""high"", ""explanation"": ""The Berlin Wall fell on November 9, 1989, marking a pivotal moment in the end of the Cold War.""}"
zai-org/GLM-5,GLM-5,The Titanic sank in 1912.,real,true,high,correct_acceptance,"{""verdict"": ""true"", ""confidence"": ""high"", ""explanation"": ""The RMS Titanic sank in the North Atlantic Ocean in the early morning hours of 15 April 1912 after colliding with an iceberg during its maiden voyage.""}"
zai-org/GLM-5,GLM-5,The Great Molasses Flood occurred in Boston in 1919.,real,parse_error,unknown,parse_error,
zai-org/GLM-5,GLM-5,Australia once fought the Great Emu War in 1932.,real,parse_error,unknown,parse_error,
zai-org/GLM-5,GLM-5,Nintendo was founded in 1889.,real,parse_error,unknown,parse_error,
zai-org/GLM-5,GLM-5,The Wright brothers achieved powered flight in 1903.,real,parse_error,unknown,parse_error,"{""verdict"": ""true"", ""confidence"": ""high"", ""explanation"": """
zai-org/GLM-5,GLM-5,The first email was sent in 1971.,real,parse_error,unknown,parse_error,
zai-org/GLM-5,GLM-5,The Magna Carta was signed in 1215.,real,parse_error,unknown,parse_error,
zai-org/GLM-5,GLM-5,The Soviet Union dissolved in 1991.,real,parse_error,unknown,parse_error,
zai-org/GLM-5,GLM-5,The first iPhone was released in 2007.,real,true,high,correct_acceptance,"{""verdict"": ""true"", ""confidence"": ""high"", ""explanation"": ""Apple announced the original iPhone on January 9, 2007, and it was released for sale in the United States on June 29, 2007.""}"
zai-org/GLM-5,GLM-5,The French Revolution began in 1789.,real,true,high,correct_acceptance,"{""verdict"": ""true"", ""confidence"": ""high"", ""explanation"": ""The French Revolution is widely recognized by historians to have begun in 1789 with the Estates-General and the Storming of the Bastille.""}"
zai-org/GLM-5,GLM-5,The Internet became publicly accessible in the early 1990s.,real,parse_error,unknown,parse_error,
zai-org/GLM-5,GLM-5,The Panama Canal opened in 1914.,real,true,high,correct_acceptance,"{""verdict"": ""true"", ""confidence"": ""high"", ""explanation"": ""The Panama Canal officially opened to traffic on August 15, 1914.""}"
zai-org/GLM-5,GLM-5,The Declaration of Independence was signed in 1776.,real,parse_error,unknown,parse_error,
zai-org/GLM-5,GLM-5,The Hubble Space Telescope launched in 1990.,real,true,high,correct_acceptance,"{""verdict"": ""true"", ""confidence"": ""high"", ""explanation"": ""The Hubble Space Telescope was launched into low Earth orbit on April 24, 1990, aboard the Space Shuttle Discovery.""}"
zai-org/GLM-5,GLM-5,The first modern Olympic Games were held in 1896.,real,parse_error,unknown,parse_error,"{""verdict"": ""true"", ""confidence"":"
zai-org/GLM-5,GLM-5,The Great Fire of London occurred in 1666.,real,true,high,correct_acceptance,"{""verdict"": ""true"", ""confidence"": ""high"", ""explanation"": ""The Great Fire of London took place from September 2 to September 6, 1666.""}"
zai-org/GLM-5,GLM-5,The first human in space was Yuri Gagarin in 1961.,real,parse_error,unknown,parse_error,"{""verdict"": ""true"", ""confidence"": ""high"", ""explanation"": ""Yuri Gagarin, a Soviet cos"
zai-org/GLM-5,GLM-5,The European Union was established in 1993.,real,parse_error,unknown,parse_error,
zai-org/GLM-5,GLM-5,The first programmable computer was developed in the 1940s.,real,parse_error,unknown,parse_error,
